<?xml version="1.0" encoding="UTF-8"?>
<project-private xmlns="http://www.netbeans.org/ns/project-private/1">
    <editor-bookmarks xmlns="http://www.netbeans.org/ns/editor-bookmarks/2" lastBookmarkId="0"/>
    <open-files xmlns="http://www.netbeans.org/ns/projectui-open-files/2">
        <group/>
        <group name="ASMSimulator">
            <file>file:/home/hgontarz/NetBeansProjects/3303Assign3/public_html/Division.html</file>
            <file>file:/home/hgontarz/NetBeansProjects/3303Assign3/public_html/AdvancedStruct.html</file>
        </group>
    </open-files>
</project-private>
